1	Chugush	900040182	38585482118	461051
2	Единств	612899567	64826135341	90554149
3	133tz	562784650	9697900125	9886173
4	Balrog T	352346025	31414930920	10201280
5	MR  DEATH	303850270	25900158394	8926041
6	skywraith	270242822	8627429489	22329086
7	VeloX	261668787	26007279473	80000
8	CRx StalinIV	259331849	11224046300	7345835
9	Lastangel001	255577256	18452614647	8676112
10	Colt Canon	250032161	12161032844	525137
11	Shebeastinem	237519857	42190177980	241771
12	TikiCat	235268585	8442740338	1320316
13	ZVYAG	232309480	16300586991	8229878
14	Anew27	231911282	13073716534	425910
15	IMPACT	224426240	10504185639	4475006
16	Nordic Oak	222716456	13584256299	15131565
17	Kral38	216876570	7820660685	64436097
18	Frozen	216553038	2157047974	16073794
19	MONSTER DONG	216551409	25440727801	9273624
20	DANIEL SHEHU	213238091	22128347486	14907202
21	KenAROK	211529635	6927423256	64246190
22	Belka	211488271	9816674831	33800
23	Phá Quân	208221825	1928105538	77157491
24	Be3yhunk	206187492	4339400450	26200158
25	Cookies	204942121	20652913470	377300
26	DEATH INC	204780332	12903470792	10765102
27	Mossad 007	203029352	2848803768	63871234
28	MILFnCookies	202974516	5443362361	4646539
29	Falcon	200488736	3384230174	6906020
30	Kumiho	199407286	5860157515	8338930
31	FLAMES	198942595	2527385615	17036454
32	CoolFarm	198753455	5557696250	6781844
33	Tieu Tam Sinh	196227421	6426595934	5122598
34	Reggard	195612695	5896901882	8145267
35	TOM DU	194024614	4427309708	5424704
36	Viktorvad	193894523	7007199574	5136546
37	Jiren	193557380	4536829692	17828761
38	Axe HongTrang	193281369	3280535461	8210737
39	SLOW DEATH	193203337	3780387757	551126
40	GoJoeGo	191573699	7702213527	8821375
41	MarceLo	190808067	3406296557	10546289
42	Pisos	189431056	6094766014	6550595
43	Phong Anh Kiet	188217002	2042948628	402782
44	K25	187647292	2288817971	25164651
45	ОлежикА5	186424612	3391182986	8608529
46	FalconN	185940972	2325561850	379821
47	Urethral Queef	185803495	13264479820	5417348
48	Grace	184109912	1976765778	15442358
49	Элвис33	184045121	4021844118	8759184
50	Thaunt	183786290	5589142463	19782165
51	Catler	183309767	2446819287	7122117
52	Turbonik	183061378	3091603866	5469600
53	Mardröm Draugr	182328294	4786365876	368670
54	Viettell	181490347	2814495368	7917733
55	A R	181348531	2830231984	15680163
56	Simēply	181266720	5592775603	4712674
57	Axe Ex Mashina	179619320	7594017152	9576329
58	Tora	179068267	2045594386	317690
59	Mifeng	178310151	3743192675	8081403
60	MRS DEATH	178089857	3134151865	860780
61	BeastofLebanon	177486855	3265847826	14384698
62	SozYazarTpYapar	177048709	11339513652	293500
63	Catti Brie	176638859	536193945	7383863
64	v Roki v	176149817	3699282480	420200
65	KatalonEc	175778813	7967727306	72500
66	Ragnar Pedro	175741788	2859762074	70138290
67	Grimmy	175740399	6679529088	1253825
68	o0oHackDiep68	175583448	1306068739	7012618
69	EternalDeath	174379453	4695604611	7859876
70	Ali	174254945	750395703	24784023
71	Muttley	173383747	2681530896	26707858
72	DoraB	173175740	3640885346	15540797
73	Nephrite	171718186	8219630108	8632
74	GRiZLiK 18russ	171560872	2205584161	45690127
75	Phúc XO	171338070	2271947029	7582242
76	DEATH isThe WAY	171172091	946420086	10883945
77	Inspector Crow	170337699	3580056441	15018069
78	Beckett fett	170308055	3179967649	16362475
79	Công Đạo	170152130	3421029865	460800
80	Quantum	170056596	1038068997	10089619
81	Lord of Dragon	169970416	4426438973	246800
82	NYC Gangz	169136355	979482598	8096212
83	Okeanisa	168831327	835542815	15443416
84	peacefall	168359335	3411718142	8335834
85	Toroto	168230775	3400181921	15878242
86	KOLOBOKK	168056846	1893226767	11412094
87	brayan	167778057	1133757005	90496379
88	Cokon 1000	167270670	1828391505	7817159
89	Kenvin Tai	166811555	1045265035	410000
90	Rusooo	166234923	9411336126	13036742
91	x Kraken x	164827024	1651602292	52991785
92	zapekanka	164545686	2877898870	8172168
93	S i r	164545080	1246086852	5432588
94	T1 Tarek	163849004	1920397893	689329
95	Abadi	163688743	1328985134	48148014
96	Viddar160	162964838	443945482	39248083
97	SPUDIman	162485051	870956685	11710912
98	Peace	162166922	3808100444	86452359
99	Barb	161864164	15877815900	5231000
100	l3omb	161127839	1331318538	15346728
101	AMAK	160982050	4333807098	846000
102	skywraiith	160280610	1618022493	14426208
103	ALANchik	160109811	2349362215	6966749
104	Мавейз	160041228	553273007	7218170
105	BRAVE	159865925	5510059382	9673662
106	UHTRED BR	159746158	3034948821	752586
107	Tinuviel	159602406	1222172829	84568570
108	Doc7Ragnar	159249120	885423454	82519536
109	Nosal	159050667	580261506	6839470
110	RemarkNess	159024617	1409505256	8041951
111	MeLioDas	158697132	1123518996	8333449
112	Vietgangz	158540744	2202962647	179100
113	Stiven I	158390284	722004466	15379330
114	[ambiguous-I/l]	158212335	354542143	6695230
115	Piyush	157974754	3885819042	15192491
116	Bonk	157895101	3292837414	450600
117	AHT	157587338	2170057905	6493078
118	VotTakVot	156033700	1128765775	41299130
119	marquinhozulu	155584095	848614632	67922955
120	MaximUSSR	155450500	628879599	34060834
121	zklmn	155345965	1463062829	15030883
122	So1o	154683204	12904008362	14742876
123	Herooo	154203256	1159721704	71000
124	ДаНуНа	154089489	1580824984	16283880
125	SarMatNOA	153734969	555076488	7467506
126	Dima 1	152950557	1653484607	74262775
127	EzeKiel	152919951	4051572296	5220342
128	DickeY	152738752	4766135449	7842657
129	Nastenblsh	152571207	5048759885	26391297
130	ТагилРу	152226664	1048817047	5144713
131	ТОНИГАН	152104013	1141819478	40028975
132	hab1st	152018311	1990298553	430764
133	EgoisT	151897128	1794028245	6853611
134	Barcode	151778979	2916513706	15847633
135	Peegee	151704041	1553147044	8612259
136	Quang Vi	151561262	1441701120	17748365
137	ツMiaMoRツ	151412313	912731651	19427763
138	RenatDoc	151345049	5888307067	8285363
139	Griffin	151281601	2629026047	9229986
140	Noixa	151063361	2744917377	41772003
141	ТиарА	150952463	683473275	50105024
142	Ma 5asaK	150542218	1342561467	46322338
143	Mintael	150518404	782815557	39933317
144	MarQ	150175782	1263890326	5472093
145	YouKnow	148885190	1295713412	9188196
146	Кассл	147978394	749194963	8976780
147	Laland	147808637	1064533879	56820562
148	54oLeNkA54	147044691	1036422066	9486819
149	Mumford	146807456	360936169	41750358
150	MissA	146534919	292472409	6493045
151	Одуванчик	146371128	742975879	23666783
152	XxLilithxX	145986241	1421298643	10929461
153	KillaT	145638443	6308879308	5718024
154	[ambiguous-I/l]	145587573	3047831592	6523732
155	Immortall Ban	144777375	502889883	5137590
156	FishツKa	144709417	595939203	18734541
157	Còi	143928809	2537637512	438513
158	Jon Jones	143686001	2355246624	10326912
159	Nana阿阿	143306763	1122394820	30936419
160	Starry Nights	142914593	2128232240	16966763
161	nirr	142787898	2749634606	34142512
162	nephew	142615627	2786018302	15052636
163	NewDave	142328899	544320468	10292627
164	ioRi yaGami	142287224	6768975499	10534082
165	MR HuyCuong90	142064520	1601541917	7948800
166	Mjølner	140606629	1016513765	15955373
167	RoryWest	140419815	1102490741	9186814
168	RusVikingGirl	140368659	2390405538	6879983
169	Cros	139822234	748457557	39588040
170	QuangChau	138715165	1266442079	33850423
171	Boroda 40 Rus	137629055	423556249	50077577
172	Death Note	137344476	874678094	32996808
173	Witch	136122969	3042327556	6330160
174	KanaeL	135924260	715582971	51975024
175	[ambiguous-I/l]	135561707	639994167	7003728
176	Bối Bối	135109715	774821264	8522604
177	Simona	134372727	5573571934	4569325
178	Naineti	133557548	1068358469	88834795
179	Foggenshmidt	132638684	1037718621	26598279
180	ENèM	132614723	3152129447	53758862
181	RAIJIN	132498639	7363540854	4920208
182	D R A G 0 N	132447337	2605303261	57934029
183	Katrin195	132096662	400950732	7489514
184	[ambiguous-I/l]	131911197	359507880	7178975
185	KaRaSu	130634648	1708647568	81678515
186	Ømer 幺	130195127	1414013304	5396138
187	CinouDZ	130165916	335458690	3621801
188	[ambiguous-I/l]	129616108	1906724178	18429288
189	Юлла	128843211	480312926	21940648
190	Пуша	127669993	2117673413	4974775
191	Viking knights	127214512	1754240303	51119181
192	Anton152	124536885	554463604	36293800
193	Surgeon OfDeath	124515336	3040026504	9019052
194	ĐaVoRa	124366587	800587464	7454671
195	Macabeyi	123645149	3335424041	8344174
196	Layla	123368195	1218387707	6850550
197	Cold Blood	123352746	1304798907	5577865
198	Sexy TOMMY	123352539	841214683	14658423
199	kwitchypoo	123069336	1088413232	7095131
200	Деонисс	122524276	700738702	49822796
201	xxx KABUTO xxx	122196730	810759449	50091358
202	Rebel Valkyrie	121705367	2543647477	5120900
203	NET SOE DJSTAR	121565175	1269010269	11651185
204	helse	116314455	5177065564	18634921
205	Legion XI	114717595	378735482	6308622
206	Lucid Dream	113683269	2687001763	15471172
207	Leader392837282	110789684	1112113812	73676157
208	Джамбо123	110619860	240030895	6336866
209	Avendor	109902827	342114315	7303485
210	Zvyagovna	109727638	677388034	14466598
211	Mqmr	108699114	3928600101	4873018
212	iLove350	106366607	1408080338	9172588
213	kira21	101576929	434372463	7115662
214	PrincessSunless	95779645	302203366	14314166
215	FEiiN	94257714	316783170	1455500
216	Legion V	91723235	242290816	5807795
217	SEXY COOKIE	88520484	337500892	6218769
218	Legion IV	88440862	158424507	5835993
219	Legion II	85284192	174876390	6170657
220	Баночка	85146101	110779611	16219833
221	Legion VI	83506540	197238323	6707890
222	Legion VII	81585311	158051518	3130800
223	Legion VIII	68084500	96685162	6822172
224	Крез	65796486	61408972	6269311
225	Veterok116	63631919	71284862	6761276
226	Legion I	56548233	97267069	6446035
227	Legion X	56179771	54092935	6488039
228	легион4	53898602	95368497	5632015
229	Legion VIIII	49749161	162374326	6474512
230	Legion III	43454468	25976835	2591700
231	Anton152f	22515605	117384	320800
